{
  "_metadata": {
    "timestamp": "2025-08-24T05:40:49.737458873Z",
    "database_name": "",
    "backup_type": "JSON",
    "file_size": 0,
    "record_counts": {
      "accounts": 0,
      "car_deals": 0,
      "car_makes": 20,
      "car_models": 184,
      "sessions": 0,
      "users": 0,
      "verificationtokens": 0
    },
    "schema_version": "",
    "checksum": ""
  },
  "accounts": null,
  "car_deals": null,
  "car_makes": [
    {
      "createdAt": "2025-08-24T03:58:02.868",
      "id": "cmep5r62c0000uze78ycsa7et",
      "logo": null,
      "name": "Toyota",
      "updatedAt": "2025-08-24T03:58:02.868"
    },
    {
      "createdAt": "2025-08-24T03:58:07.557",
      "id": "cmep5r9ol000luze7g9d19nl9",
      "logo": null,
      "name": "Honda",
      "updatedAt": "2025-08-24T03:58:07.557"
    },
    {
      "createdAt": "2025-08-24T03:58:12.911",
      "id": "cmep5rdta0016uze7gc17hk73",
      "logo": null,
      "name": "Ford",
      "updatedAt": "2025-08-24T03:58:12.911"
    },
    {
      "createdAt": "2025-08-24T03:58:17.081",
      "id": "cmep5rh14001ruze74o4hihg4",
      "logo": null,
      "name": "Chevrolet",
      "updatedAt": "2025-08-24T03:58:17.081"
    },
    {
      "createdAt": "2025-08-24T03:58:21.458",
      "id": "cmep5rkeq002cuze78m6upnyo",
      "logo": null,
      "name": "Nissan",
      "updatedAt": "2025-08-24T03:58:21.458"
    },
    {
      "createdAt": "2025-08-24T03:58:25.567",
      "id": "cmep5rnkv002xuze7apiiuy8r",
      "logo": null,
      "name": "BMW",
      "updatedAt": "2025-08-24T03:58:25.567"
    },
    {
      "createdAt": "2025-08-24T03:58:29.666",
      "id": "cmep5rqqq003iuze70r2lkd9o",
      "logo": null,
      "name": "Mercedes-Benz",
      "updatedAt": "2025-08-24T03:58:29.666"
    },
    {
      "createdAt": "2025-08-24T03:58:33.942",
      "id": "cmep5ru1i0043uze7bpfrye3o",
      "logo": null,
      "name": "Audi",
      "updatedAt": "2025-08-24T03:58:33.942"
    },
    {
      "createdAt": "2025-08-24T03:58:38.225",
      "id": "cmep5rxch004ouze7am9hntqx",
      "logo": null,
      "name": "Lexus",
      "updatedAt": "2025-08-24T03:58:38.225"
    },
    {
      "createdAt": "2025-08-24T03:58:42.378",
      "id": "cmep5s0jt0059uze74dq2c767",
      "logo": null,
      "name": "Hyundai",
      "updatedAt": "2025-08-24T03:58:42.378"
    },
    {
      "createdAt": "2025-08-24T03:58:46.589",
      "id": "cmep5s3st005uuze7ipvm0r42",
      "logo": null,
      "name": "Kia",
      "updatedAt": "2025-08-24T03:58:46.589"
    },
    {
      "createdAt": "2025-08-24T03:58:50.762",
      "id": "cmep5s70p006fuze7mthpxldd",
      "logo": null,
      "name": "Subaru",
      "updatedAt": "2025-08-24T03:58:50.762"
    },
    {
      "createdAt": "2025-08-24T03:58:54.902",
      "id": "cmep5sa7p0070uze7acxj33kh",
      "logo": null,
      "name": "Mazda",
      "updatedAt": "2025-08-24T03:58:54.902"
    },
    {
      "createdAt": "2025-08-24T03:58:59.466",
      "id": "cmep5sdqi007luze7jdysahhz",
      "logo": null,
      "name": "Volkswagen",
      "updatedAt": "2025-08-24T03:58:59.466"
    },
    {
      "createdAt": "2025-08-24T03:59:03.574",
      "id": "cmep5sgwm0086uze7je634m7n",
      "logo": null,
      "name": "Jeep",
      "updatedAt": "2025-08-24T03:59:03.574"
    },
    {
      "createdAt": "2025-08-24T03:59:07.771",
      "id": "cmep5sk56008ruze79ka68dpp",
      "logo": null,
      "name": "Tesla",
      "updatedAt": "2025-08-24T03:59:07.771"
    },
    {
      "createdAt": "2025-08-24T03:59:10.403",
      "id": "cmep5sm6b0094uze7yfuwi9r0",
      "logo": null,
      "name": "Ram",
      "updatedAt": "2025-08-24T03:59:10.403"
    },
    {
      "createdAt": "2025-08-24T03:59:12.627",
      "id": "cmep5snw3009fuze7zyi3oqb6",
      "logo": null,
      "name": "GMC",
      "updatedAt": "2025-08-24T03:59:12.627"
    },
    {
      "createdAt": "2025-08-24T03:59:15.622",
      "id": "cmep5sq7a009uuze7e9ftonra",
      "logo": null,
      "name": "Cadillac",
      "updatedAt": "2025-08-24T03:59:15.622"
    },
    {
      "createdAt": "2025-08-24T03:59:19.027",
      "id": "cmep5ssvz00abuze7s28e2muh",
      "logo": null,
      "name": "Infiniti",
      "updatedAt": "2025-08-24T03:59:19.027"
    }
  ],
  "car_models": [
    {
      "createdAt": "2025-08-24T03:58:03.468",
      "id": "cmep5r6j00002uze7dbpkehry",
      "makeId": "cmep5r62c0000uze78ycsa7et",
      "name": "Camry",
      "updatedAt": "2025-08-24T03:58:03.468"
    },
    {
      "createdAt": "2025-08-24T03:58:04.112",
      "id": "cmep5r70w0004uze70548r0lc",
      "makeId": "cmep5r62c0000uze78ycsa7et",
      "name": "Corolla",
      "updatedAt": "2025-08-24T03:58:04.112"
    },
    {
      "createdAt": "2025-08-24T03:58:04.496",
      "id": "cmep5r7bk0006uze76j4oyvdy",
      "makeId": "cmep5r62c0000uze78ycsa7et",
      "name": "RAV4",
      "updatedAt": "2025-08-24T03:58:04.496"
    },
    {
      "createdAt": "2025-08-24T03:58:04.871",
      "id": "cmep5r7lz0008uze7qms101na",
      "makeId": "cmep5r62c0000uze78ycsa7et",
      "name": "Highlander",
      "updatedAt": "2025-08-24T03:58:04.871"
    },
    {
      "createdAt": "2025-08-24T03:58:05.247",
      "id": "cmep5r7we000auze73z9kf6r9",
      "makeId": "cmep5r62c0000uze78ycsa7et",
      "name": "Prius",
      "updatedAt": "2025-08-24T03:58:05.247"
    },
    {
      "createdAt": "2025-08-24T03:58:05.625",
      "id": "cmep5r86x000cuze7o02gppgl",
      "makeId": "cmep5r62c0000uze78ycsa7et",
      "name": "Sienna",
      "updatedAt": "2025-08-24T03:58:05.625"
    },
    {
      "createdAt": "2025-08-24T03:58:06.015",
      "id": "cmep5r8hq000euze7fgvdfonh",
      "makeId": "cmep5r62c0000uze78ycsa7et",
      "name": "Tacoma",
      "updatedAt": "2025-08-24T03:58:06.015"
    },
    {
      "createdAt": "2025-08-24T03:58:06.397",
      "id": "cmep5r8sc000guze70k38hmx4",
      "makeId": "cmep5r62c0000uze78ycsa7et",
      "name": "Tundra",
      "updatedAt": "2025-08-24T03:58:06.397"
    },
    {
      "createdAt": "2025-08-24T03:58:06.786",
      "id": "cmep5r936000iuze7mus2k0pf",
      "makeId": "cmep5r62c0000uze78ycsa7et",
      "name": "Avalon",
      "updatedAt": "2025-08-24T03:58:06.786"
    },
    {
      "createdAt": "2025-08-24T03:58:07.186",
      "id": "cmep5r9ea000kuze7w0r5uotk",
      "makeId": "cmep5r62c0000uze78ycsa7et",
      "name": "Venza",
      "updatedAt": "2025-08-24T03:58:07.186"
    },
    {
      "createdAt": "2025-08-24T03:58:08.065",
      "id": "cmep5ra2p000nuze7omdwiqdg",
      "makeId": "cmep5r9ol000luze7g9d19nl9",
      "name": "Civic",
      "updatedAt": "2025-08-24T03:58:08.065"
    },
    {
      "createdAt": "2025-08-24T03:58:09.049",
      "id": "cmep5rau1000puze7zsbpgkrr",
      "makeId": "cmep5r9ol000luze7g9d19nl9",
      "name": "Accord",
      "updatedAt": "2025-08-24T03:58:09.049"
    },
    {
      "createdAt": "2025-08-24T03:58:09.858",
      "id": "cmep5rbgh000ruze76w5298p1",
      "makeId": "cmep5r9ol000luze7g9d19nl9",
      "name": "CR-V",
      "updatedAt": "2025-08-24T03:58:09.858"
    },
    {
      "createdAt": "2025-08-24T03:58:10.231",
      "id": "cmep5rbqv000tuze7ujrr1diz",
      "makeId": "cmep5r9ol000luze7g9d19nl9",
      "name": "Pilot",
      "updatedAt": "2025-08-24T03:58:10.231"
    },
    {
      "createdAt": "2025-08-24T03:58:10.621",
      "id": "cmep5rc1p000vuze7iei6nuu8",
      "makeId": "cmep5r9ol000luze7g9d19nl9",
      "name": "Insight",
      "updatedAt": "2025-08-24T03:58:10.621"
    },
    {
      "createdAt": "2025-08-24T03:58:11.004",
      "id": "cmep5rccc000xuze7dxyls1zw",
      "makeId": "cmep5r9ol000luze7g9d19nl9",
      "name": "Passport",
      "updatedAt": "2025-08-24T03:58:11.004"
    },
    {
      "createdAt": "2025-08-24T03:58:11.391",
      "id": "cmep5rcn3000zuze7cqddoty9",
      "makeId": "cmep5r9ol000luze7g9d19nl9",
      "name": "Ridgeline",
      "updatedAt": "2025-08-24T03:58:11.391"
    },
    {
      "createdAt": "2025-08-24T03:58:11.769",
      "id": "cmep5rcxl0011uze7zxq8xmm0",
      "makeId": "cmep5r9ol000luze7g9d19nl9",
      "name": "HR-V",
      "updatedAt": "2025-08-24T03:58:11.769"
    },
    {
      "createdAt": "2025-08-24T03:58:12.152",
      "id": "cmep5rd870013uze7defhtluq",
      "makeId": "cmep5r9ol000luze7g9d19nl9",
      "name": "Odyssey",
      "updatedAt": "2025-08-24T03:58:12.152"
    },
    {
      "createdAt": "2025-08-24T03:58:12.535",
      "id": "cmep5rdiv0015uze7skz8dfp0",
      "makeId": "cmep5r9ol000luze7g9d19nl9",
      "name": "Fit",
      "updatedAt": "2025-08-24T03:58:12.535"
    },
    {
      "createdAt": "2025-08-24T03:58:13.297",
      "id": "cmep5re400018uze7lbn1qmj4",
      "makeId": "cmep5rdta0016uze7gc17hk73",
      "name": "F-150",
      "updatedAt": "2025-08-24T03:58:13.297"
    },
    {
      "createdAt": "2025-08-24T03:58:13.68",
      "id": "cmep5reeo001auze7mvwgfvvc",
      "makeId": "cmep5rdta0016uze7gc17hk73",
      "name": "Mustang",
      "updatedAt": "2025-08-24T03:58:13.68"
    },
    {
      "createdAt": "2025-08-24T03:58:14.056",
      "id": "cmep5rep4001cuze70058fng6",
      "makeId": "cmep5rdta0016uze7gc17hk73",
      "name": "Explorer",
      "updatedAt": "2025-08-24T03:58:14.056"
    },
    {
      "createdAt": "2025-08-24T03:58:14.437",
      "id": "cmep5rezo001euze7v9wlq45c",
      "makeId": "cmep5rdta0016uze7gc17hk73",
      "name": "Escape",
      "updatedAt": "2025-08-24T03:58:14.437"
    },
    {
      "createdAt": "2025-08-24T03:58:14.809",
      "id": "cmep5rfa1001guze75d86hoj7",
      "makeId": "cmep5rdta0016uze7gc17hk73",
      "name": "Edge",
      "updatedAt": "2025-08-24T03:58:14.809"
    },
    {
      "createdAt": "2025-08-24T03:58:15.189",
      "id": "cmep5rfkk001iuze75p85ywju",
      "makeId": "cmep5rdta0016uze7gc17hk73",
      "name": "Expedition",
      "updatedAt": "2025-08-24T03:58:15.189"
    },
    {
      "createdAt": "2025-08-24T03:58:15.58",
      "id": "cmep5rfvg001kuze7qy0batkk",
      "makeId": "cmep5rdta0016uze7gc17hk73",
      "name": "Ranger",
      "updatedAt": "2025-08-24T03:58:15.58"
    },
    {
      "createdAt": "2025-08-24T03:58:15.96",
      "id": "cmep5rg60001muze74v9ryni1",
      "makeId": "cmep5rdta0016uze7gc17hk73",
      "name": "Bronco",
      "updatedAt": "2025-08-24T03:58:15.96"
    },
    {
      "createdAt": "2025-08-24T03:58:16.339",
      "id": "cmep5rggj001ouze7a4p5wov3",
      "makeId": "cmep5rdta0016uze7gc17hk73",
      "name": "Maverick",
      "updatedAt": "2025-08-24T03:58:16.339"
    },
    {
      "createdAt": "2025-08-24T03:58:16.711",
      "id": "cmep5rgqu001quze7c5jj2aeg",
      "makeId": "cmep5rdta0016uze7gc17hk73",
      "name": "Transit",
      "updatedAt": "2025-08-24T03:58:16.711"
    },
    {
      "createdAt": "2025-08-24T03:58:17.453",
      "id": "cmep5rhbh001tuze7chv5zh0m",
      "makeId": "cmep5rh14001ruze74o4hihg4",
      "name": "Silverado",
      "updatedAt": "2025-08-24T03:58:17.453"
    },
    {
      "createdAt": "2025-08-24T03:58:17.826",
      "id": "cmep5rhlu001vuze7r8o5op68",
      "makeId": "cmep5rh14001ruze74o4hihg4",
      "name": "Equinox",
      "updatedAt": "2025-08-24T03:58:17.826"
    },
    {
      "createdAt": "2025-08-24T03:58:18.202",
      "id": "cmep5rhyd001xuze7nl1tkt3u",
      "makeId": "cmep5rh14001ruze74o4hihg4",
      "name": "Malibu",
      "updatedAt": "2025-08-24T03:58:18.202"
    },
    {
      "createdAt": "2025-08-24T03:58:18.653",
      "id": "cmep5ri8t001zuze7iyitonif",
      "makeId": "cmep5rh14001ruze74o4hihg4",
      "name": "Tahoe",
      "updatedAt": "2025-08-24T03:58:18.653"
    },
    {
      "createdAt": "2025-08-24T03:58:19.028",
      "id": "cmep5rij80021uze7z9nohpfr",
      "makeId": "cmep5rh14001ruze74o4hihg4",
      "name": "Suburban",
      "updatedAt": "2025-08-24T03:58:19.028"
    },
    {
      "createdAt": "2025-08-24T03:58:19.578",
      "id": "cmep5riyi0023uze7z23as4vz",
      "makeId": "cmep5rh14001ruze74o4hihg4",
      "name": "Traverse",
      "updatedAt": "2025-08-24T03:58:19.578"
    },
    {
      "createdAt": "2025-08-24T03:58:19.958",
      "id": "cmep5rj920025uze7nzsdo8f2",
      "makeId": "cmep5rh14001ruze74o4hihg4",
      "name": "Camaro",
      "updatedAt": "2025-08-24T03:58:19.958"
    },
    {
      "createdAt": "2025-08-24T03:58:20.33",
      "id": "cmep5rjje0027uze73nghp133",
      "makeId": "cmep5rh14001ruze74o4hihg4",
      "name": "Corvette",
      "updatedAt": "2025-08-24T03:58:20.33"
    },
    {
      "createdAt": "2025-08-24T03:58:20.709",
      "id": "cmep5rjtx0029uze7q8zaaxs2",
      "makeId": "cmep5rh14001ruze74o4hihg4",
      "name": "Colorado",
      "updatedAt": "2025-08-24T03:58:20.709"
    },
    {
      "createdAt": "2025-08-24T03:58:21.084",
      "id": "cmep5rk4c002buze7it1ghctw",
      "makeId": "cmep5rh14001ruze74o4hihg4",
      "name": "Blazer",
      "updatedAt": "2025-08-24T03:58:21.084"
    },
    {
      "createdAt": "2025-08-24T03:58:21.834",
      "id": "cmep5rkp6002euze7y4li42bf",
      "makeId": "cmep5rkeq002cuze78m6upnyo",
      "name": "Altima",
      "updatedAt": "2025-08-24T03:58:21.834"
    },
    {
      "createdAt": "2025-08-24T03:58:22.208",
      "id": "cmep5rkzk002guze7hhnd0eym",
      "makeId": "cmep5rkeq002cuze78m6upnyo",
      "name": "Sentra",
      "updatedAt": "2025-08-24T03:58:22.208"
    },
    {
      "createdAt": "2025-08-24T03:58:22.585",
      "id": "cmep5rla1002iuze7f719pv0a",
      "makeId": "cmep5rkeq002cuze78m6upnyo",
      "name": "Rogue",
      "updatedAt": "2025-08-24T03:58:22.585"
    },
    {
      "createdAt": "2025-08-24T03:58:22.957",
      "id": "cmep5rlkd002kuze78hjvmmaj",
      "makeId": "cmep5rkeq002cuze78m6upnyo",
      "name": "Murano",
      "updatedAt": "2025-08-24T03:58:22.957"
    },
    {
      "createdAt": "2025-08-24T03:58:23.326",
      "id": "cmep5rlul002muze7ifcauy87",
      "makeId": "cmep5rkeq002cuze78m6upnyo",
      "name": "Pathfinder",
      "updatedAt": "2025-08-24T03:58:23.326"
    },
    {
      "createdAt": "2025-08-24T03:58:23.698",
      "id": "cmep5rm4x002ouze7i5kp425s",
      "makeId": "cmep5rkeq002cuze78m6upnyo",
      "name": "Frontier",
      "updatedAt": "2025-08-24T03:58:23.698"
    },
    {
      "createdAt": "2025-08-24T03:58:24.067",
      "id": "cmep5rmf6002quze7iz7u7hgu",
      "makeId": "cmep5rkeq002cuze78m6upnyo",
      "name": "Titan",
      "updatedAt": "2025-08-24T03:58:24.067"
    },
    {
      "createdAt": "2025-08-24T03:58:24.449",
      "id": "cmep5rmps002suze796cy6wcd",
      "makeId": "cmep5rkeq002cuze78m6upnyo",
      "name": "Versa",
      "updatedAt": "2025-08-24T03:58:24.449"
    },
    {
      "createdAt": "2025-08-24T03:58:24.821",
      "id": "cmep5rn04002uuze75s8o0i9b",
      "makeId": "cmep5rkeq002cuze78m6upnyo",
      "name": "Maxima",
      "updatedAt": "2025-08-24T03:58:24.821"
    },
    {
      "createdAt": "2025-08-24T03:58:25.193",
      "id": "cmep5rnah002wuze7kl5gippt",
      "makeId": "cmep5rkeq002cuze78m6upnyo",
      "name": "Armada",
      "updatedAt": "2025-08-24T03:58:25.193"
    },
    {
      "createdAt": "2025-08-24T03:58:25.934",
      "id": "cmep5rnv1002zuze7ix1gblrk",
      "makeId": "cmep5rnkv002xuze7apiiuy8r",
      "name": "3 Series",
      "updatedAt": "2025-08-24T03:58:25.934"
    },
    {
      "createdAt": "2025-08-24T03:58:26.307",
      "id": "cmep5ro5f0031uze77pnsn9c0",
      "makeId": "cmep5rnkv002xuze7apiiuy8r",
      "name": "5 Series",
      "updatedAt": "2025-08-24T03:58:26.307"
    },
    {
      "createdAt": "2025-08-24T03:58:26.686",
      "id": "cmep5rofy0033uze7r37cgprc",
      "makeId": "cmep5rnkv002xuze7apiiuy8r",
      "name": "X3",
      "updatedAt": "2025-08-24T03:58:26.686"
    },
    {
      "createdAt": "2025-08-24T03:58:27.057",
      "id": "cmep5roq80035uze7ooesyihs",
      "makeId": "cmep5rnkv002xuze7apiiuy8r",
      "name": "X5",
      "updatedAt": "2025-08-24T03:58:27.057"
    },
    {
      "createdAt": "2025-08-24T03:58:27.436",
      "id": "cmep5rp0r0037uze7d3arax3b",
      "makeId": "cmep5rnkv002xuze7apiiuy8r",
      "name": "X1",
      "updatedAt": "2025-08-24T03:58:27.436"
    },
    {
      "createdAt": "2025-08-24T03:58:27.808",
      "id": "cmep5rpb40039uze713lmqcbd",
      "makeId": "cmep5rnkv002xuze7apiiuy8r",
      "name": "X7",
      "updatedAt": "2025-08-24T03:58:27.808"
    },
    {
      "createdAt": "2025-08-24T03:58:28.179",
      "id": "cmep5rple003buze7xdxgdf0z",
      "makeId": "cmep5rnkv002xuze7apiiuy8r",
      "name": "7 Series",
      "updatedAt": "2025-08-24T03:58:28.179"
    },
    {
      "createdAt": "2025-08-24T03:58:28.546",
      "id": "cmep5rpvm003duze7eupssgw6",
      "makeId": "cmep5rnkv002xuze7apiiuy8r",
      "name": "4 Series",
      "updatedAt": "2025-08-24T03:58:28.546"
    },
    {
      "createdAt": "2025-08-24T03:58:28.918",
      "id": "cmep5rq5y003fuze7lrrj6e1g",
      "makeId": "cmep5rnkv002xuze7apiiuy8r",
      "name": "Z4",
      "updatedAt": "2025-08-24T03:58:28.918"
    },
    {
      "createdAt": "2025-08-24T03:58:29.292",
      "id": "cmep5rqgb003huze7ovczy6oz",
      "makeId": "cmep5rnkv002xuze7apiiuy8r",
      "name": "i4",
      "updatedAt": "2025-08-24T03:58:29.292"
    },
    {
      "createdAt": "2025-08-24T03:58:30.043",
      "id": "cmep5rr16003kuze7sgcxvq31",
      "makeId": "cmep5rqqq003iuze70r2lkd9o",
      "name": "C-Class",
      "updatedAt": "2025-08-24T03:58:30.043"
    },
    {
      "createdAt": "2025-08-24T03:58:30.503",
      "id": "cmep5rrdz003muze7irqp1eud",
      "makeId": "cmep5rqqq003iuze70r2lkd9o",
      "name": "E-Class",
      "updatedAt": "2025-08-24T03:58:30.503"
    },
    {
      "createdAt": "2025-08-24T03:58:30.887",
      "id": "cmep5rrom003ouze7hi8zl93g",
      "makeId": "cmep5rqqq003iuze70r2lkd9o",
      "name": "S-Class",
      "updatedAt": "2025-08-24T03:58:30.887"
    },
    {
      "createdAt": "2025-08-24T03:58:31.26",
      "id": "cmep5rryz003quze7fe3apzvp",
      "makeId": "cmep5rqqq003iuze70r2lkd9o",
      "name": "GLC",
      "updatedAt": "2025-08-24T03:58:31.26"
    },
    {
      "createdAt": "2025-08-24T03:58:31.632",
      "id": "cmep5rs9c003suze7c09ryfia",
      "makeId": "cmep5rqqq003iuze70r2lkd9o",
      "name": "GLE",
      "updatedAt": "2025-08-24T03:58:31.632"
    },
    {
      "createdAt": "2025-08-24T03:58:32.004",
      "id": "cmep5rsjn003uuze7f2j801ca",
      "makeId": "cmep5rqqq003iuze70r2lkd9o",
      "name": "GLS",
      "updatedAt": "2025-08-24T03:58:32.004"
    },
    {
      "createdAt": "2025-08-24T03:58:32.378",
      "id": "cmep5rsu1003wuze7wy1xkena",
      "makeId": "cmep5rqqq003iuze70r2lkd9o",
      "name": "A-Class",
      "updatedAt": "2025-08-24T03:58:32.378"
    },
    {
      "createdAt": "2025-08-24T03:58:32.752",
      "id": "cmep5rt4g003yuze7x8u33279",
      "makeId": "cmep5rqqq003iuze70r2lkd9o",
      "name": "CLA",
      "updatedAt": "2025-08-24T03:58:32.752"
    },
    {
      "createdAt": "2025-08-24T03:58:33.122",
      "id": "cmep5rteq0040uze7g7bhu2og",
      "makeId": "cmep5rqqq003iuze70r2lkd9o",
      "name": "GLA",
      "updatedAt": "2025-08-24T03:58:33.122"
    },
    {
      "createdAt": "2025-08-24T03:58:33.491",
      "id": "cmep5rtr30042uze76it0lmre",
      "makeId": "cmep5rqqq003iuze70r2lkd9o",
      "name": "EQS",
      "updatedAt": "2025-08-24T03:58:33.491"
    },
    {
      "createdAt": "2025-08-24T03:58:34.312",
      "id": "cmep5rubs0045uze7kylcpu6a",
      "makeId": "cmep5ru1i0043uze7bpfrye3o",
      "name": "A4",
      "updatedAt": "2025-08-24T03:58:34.312"
    },
    {
      "createdAt": "2025-08-24T03:58:34.686",
      "id": "cmep5rum60047uze7uqs5vtkx",
      "makeId": "cmep5ru1i0043uze7bpfrye3o",
      "name": "A6",
      "updatedAt": "2025-08-24T03:58:34.686"
    },
    {
      "createdAt": "2025-08-24T03:58:35.059",
      "id": "cmep5ruwj0049uze7b1wum2u6",
      "makeId": "cmep5ru1i0043uze7bpfrye3o",
      "name": "Q5",
      "updatedAt": "2025-08-24T03:58:35.059"
    },
    {
      "createdAt": "2025-08-24T03:58:35.552",
      "id": "cmep5rva8004buze7suibrlnk",
      "makeId": "cmep5ru1i0043uze7bpfrye3o",
      "name": "Q7",
      "updatedAt": "2025-08-24T03:58:35.552"
    },
    {
      "createdAt": "2025-08-24T03:58:35.932",
      "id": "cmep5rvks004duze7fw53zbnt",
      "makeId": "cmep5ru1i0043uze7bpfrye3o",
      "name": "A3",
      "updatedAt": "2025-08-24T03:58:35.932"
    },
    {
      "createdAt": "2025-08-24T03:58:36.31",
      "id": "cmep5rvv9004fuze7s3du8zmp",
      "makeId": "cmep5ru1i0043uze7bpfrye3o",
      "name": "Q3",
      "updatedAt": "2025-08-24T03:58:36.31"
    },
    {
      "createdAt": "2025-08-24T03:58:36.694",
      "id": "cmep5rw5x004huze7mhnys8ib",
      "makeId": "cmep5ru1i0043uze7bpfrye3o",
      "name": "A8",
      "updatedAt": "2025-08-24T03:58:36.694"
    },
    {
      "createdAt": "2025-08-24T03:58:37.075",
      "id": "cmep5rwgj004juze7geter73c",
      "makeId": "cmep5ru1i0043uze7bpfrye3o",
      "name": "Q8",
      "updatedAt": "2025-08-24T03:58:37.075"
    },
    {
      "createdAt": "2025-08-24T03:58:37.459",
      "id": "cmep5rwr7004luze7due7ojlz",
      "makeId": "cmep5ru1i0043uze7bpfrye3o",
      "name": "e-tron",
      "updatedAt": "2025-08-24T03:58:37.459"
    },
    {
      "createdAt": "2025-08-24T03:58:37.842",
      "id": "cmep5rx1t004nuze71z5kjmk5",
      "makeId": "cmep5ru1i0043uze7bpfrye3o",
      "name": "A5",
      "updatedAt": "2025-08-24T03:58:37.842"
    },
    {
      "createdAt": "2025-08-24T03:58:38.598",
      "id": "cmep5rxmt004quze712i0egzb",
      "makeId": "cmep5rxch004ouze7am9hntqx",
      "name": "ES",
      "updatedAt": "2025-08-24T03:58:38.598"
    },
    {
      "createdAt": "2025-08-24T03:58:38.982",
      "id": "cmep5rxxi004suze7nfnty8yc",
      "makeId": "cmep5rxch004ouze7am9hntqx",
      "name": "RX",
      "updatedAt": "2025-08-24T03:58:38.982"
    },
    {
      "createdAt": "2025-08-24T03:58:39.361",
      "id": "cmep5ry81004uuze7ixls5z1n",
      "makeId": "cmep5rxch004ouze7am9hntqx",
      "name": "NX",
      "updatedAt": "2025-08-24T03:58:39.361"
    },
    {
      "createdAt": "2025-08-24T03:58:39.743",
      "id": "cmep5ryim004wuze7klv1jai1",
      "makeId": "cmep5rxch004ouze7am9hntqx",
      "name": "GX",
      "updatedAt": "2025-08-24T03:58:39.743"
    },
    {
      "createdAt": "2025-08-24T03:58:40.117",
      "id": "cmep5ryt1004yuze7f34q78f1",
      "makeId": "cmep5rxch004ouze7am9hntqx",
      "name": "LX",
      "updatedAt": "2025-08-24T03:58:40.117"
    },
    {
      "createdAt": "2025-08-24T03:58:40.497",
      "id": "cmep5rz3l0050uze735irorxa",
      "makeId": "cmep5rxch004ouze7am9hntqx",
      "name": "IS",
      "updatedAt": "2025-08-24T03:58:40.497"
    },
    {
      "createdAt": "2025-08-24T03:58:40.878",
      "id": "cmep5rze60052uze7h2gz3hva",
      "makeId": "cmep5rxch004ouze7am9hntqx",
      "name": "LS",
      "updatedAt": "2025-08-24T03:58:40.878"
    },
    {
      "createdAt": "2025-08-24T03:58:41.251",
      "id": "cmep5rzoj0054uze7rqm4pw1r",
      "makeId": "cmep5rxch004ouze7am9hntqx",
      "name": "UX",
      "updatedAt": "2025-08-24T03:58:41.251"
    },
    {
      "createdAt": "2025-08-24T03:58:41.625",
      "id": "cmep5rzyx0056uze7u6iwnojl",
      "makeId": "cmep5rxch004ouze7am9hntqx",
      "name": "LC",
      "updatedAt": "2025-08-24T03:58:41.625"
    },
    {
      "createdAt": "2025-08-24T03:58:42.002",
      "id": "cmep5s09e0058uze7f6xy0xeg",
      "makeId": "cmep5rxch004ouze7am9hntqx",
      "name": "RC",
      "updatedAt": "2025-08-24T03:58:42.002"
    },
    {
      "createdAt": "2025-08-24T03:58:42.756",
      "id": "cmep5s0ub005buze76091kuly",
      "makeId": "cmep5s0jt0059uze74dq2c767",
      "name": "Elantra",
      "updatedAt": "2025-08-24T03:58:42.756"
    },
    {
      "createdAt": "2025-08-24T03:58:43.134",
      "id": "cmep5s14u005duze714b4te8z",
      "makeId": "cmep5s0jt0059uze74dq2c767",
      "name": "Sonata",
      "updatedAt": "2025-08-24T03:58:43.134"
    },
    {
      "createdAt": "2025-08-24T03:58:43.612",
      "id": "cmep5s1i4005fuze7gt18c210",
      "makeId": "cmep5s0jt0059uze74dq2c767",
      "name": "Tucson",
      "updatedAt": "2025-08-24T03:58:43.612"
    },
    {
      "createdAt": "2025-08-24T03:58:43.984",
      "id": "cmep5s1sg005huze70shi59sf",
      "makeId": "cmep5s0jt0059uze74dq2c767",
      "name": "Santa Fe",
      "updatedAt": "2025-08-24T03:58:43.984"
    },
    {
      "createdAt": "2025-08-24T03:58:44.352",
      "id": "cmep5s22o005juze7on90f0l1",
      "makeId": "cmep5s0jt0059uze74dq2c767",
      "name": "Palisade",
      "updatedAt": "2025-08-24T03:58:44.352"
    },
    {
      "createdAt": "2025-08-24T03:58:44.735",
      "id": "cmep5s2db005luze7fbmigxzp",
      "makeId": "cmep5s0jt0059uze74dq2c767",
      "name": "Kona",
      "updatedAt": "2025-08-24T03:58:44.735"
    },
    {
      "createdAt": "2025-08-24T03:58:45.112",
      "id": "cmep5s2nr005nuze78qvyp1o4",
      "makeId": "cmep5s0jt0059uze74dq2c767",
      "name": "Ioniq",
      "updatedAt": "2025-08-24T03:58:45.112"
    },
    {
      "createdAt": "2025-08-24T03:58:45.484",
      "id": "cmep5s2y3005puze7dv8jidbv",
      "makeId": "cmep5s0jt0059uze74dq2c767",
      "name": "Genesis",
      "updatedAt": "2025-08-24T03:58:45.484"
    },
    {
      "createdAt": "2025-08-24T03:58:45.852",
      "id": "cmep5s38c005ruze7yejqjxyr",
      "makeId": "cmep5s0jt0059uze74dq2c767",
      "name": "Accent",
      "updatedAt": "2025-08-24T03:58:45.852"
    },
    {
      "createdAt": "2025-08-24T03:58:46.222",
      "id": "cmep5s3im005tuze7zzymsjiu",
      "makeId": "cmep5s0jt0059uze74dq2c767",
      "name": "Venue",
      "updatedAt": "2025-08-24T03:58:46.222"
    },
    {
      "createdAt": "2025-08-24T03:58:46.965",
      "id": "cmep5s439005wuze7kefej72c",
      "makeId": "cmep5s3st005uuze7ipvm0r42",
      "name": "Forte",
      "updatedAt": "2025-08-24T03:58:46.965"
    },
    {
      "createdAt": "2025-08-24T03:58:47.337",
      "id": "cmep5s4dl005yuze79inbk9tu",
      "makeId": "cmep5s3st005uuze7ipvm0r42",
      "name": "Optima",
      "updatedAt": "2025-08-24T03:58:47.337"
    },
    {
      "createdAt": "2025-08-24T03:58:47.707",
      "id": "cmep5s4nu0060uze78tl5xvzh",
      "makeId": "cmep5s3st005uuze7ipvm0r42",
      "name": "Sportage",
      "updatedAt": "2025-08-24T03:58:47.707"
    },
    {
      "createdAt": "2025-08-24T03:58:48.081",
      "id": "cmep5s4y90062uze7sg7s2mbf",
      "makeId": "cmep5s3st005uuze7ipvm0r42",
      "name": "Sorento",
      "updatedAt": "2025-08-24T03:58:48.081"
    },
    {
      "createdAt": "2025-08-24T03:58:48.455",
      "id": "cmep5s58n0064uze7cao7g2g6",
      "makeId": "cmep5s3st005uuze7ipvm0r42",
      "name": "Telluride",
      "updatedAt": "2025-08-24T03:58:48.455"
    },
    {
      "createdAt": "2025-08-24T03:58:48.827",
      "id": "cmep5s5kz0066uze7v98geuey",
      "makeId": "cmep5s3st005uuze7ipvm0r42",
      "name": "Soul",
      "updatedAt": "2025-08-24T03:58:48.827"
    },
    {
      "createdAt": "2025-08-24T03:58:49.269",
      "id": "cmep5s5v80068uze7l58x5llj",
      "makeId": "cmep5s3st005uuze7ipvm0r42",
      "name": "Stinger",
      "updatedAt": "2025-08-24T03:58:49.269"
    },
    {
      "createdAt": "2025-08-24T03:58:49.643",
      "id": "cmep5s65n006auze7898cs9zb",
      "makeId": "cmep5s3st005uuze7ipvm0r42",
      "name": "Rio",
      "updatedAt": "2025-08-24T03:58:49.643"
    },
    {
      "createdAt": "2025-08-24T03:58:50.011",
      "id": "cmep5s6fu006cuze7qwhy4t47",
      "makeId": "cmep5s3st005uuze7ipvm0r42",
      "name": "Niro",
      "updatedAt": "2025-08-24T03:58:50.011"
    },
    {
      "createdAt": "2025-08-24T03:58:50.391",
      "id": "cmep5s6qf006euze7qharrrle",
      "makeId": "cmep5s3st005uuze7ipvm0r42",
      "name": "Carnival",
      "updatedAt": "2025-08-24T03:58:50.391"
    },
    {
      "createdAt": "2025-08-24T03:58:51.142",
      "id": "cmep5s7ba006huze7goixjpky",
      "makeId": "cmep5s70p006fuze7mthpxldd",
      "name": "Outback",
      "updatedAt": "2025-08-24T03:58:51.142"
    },
    {
      "createdAt": "2025-08-24T03:58:51.518",
      "id": "cmep5s7lq006juze783ohg9c8",
      "makeId": "cmep5s70p006fuze7mthpxldd",
      "name": "Forester",
      "updatedAt": "2025-08-24T03:58:51.518"
    },
    {
      "createdAt": "2025-08-24T03:58:51.9",
      "id": "cmep5s7wb006luze7nq7l8vfz",
      "makeId": "cmep5s70p006fuze7mthpxldd",
      "name": "Crosstrek",
      "updatedAt": "2025-08-24T03:58:51.9"
    },
    {
      "createdAt": "2025-08-24T03:58:52.272",
      "id": "cmep5s86n006nuze7gtjyocmi",
      "makeId": "cmep5s70p006fuze7mthpxldd",
      "name": "Impreza",
      "updatedAt": "2025-08-24T03:58:52.272"
    },
    {
      "createdAt": "2025-08-24T03:58:52.643",
      "id": "cmep5s8gz006puze7za9m9hnp",
      "makeId": "cmep5s70p006fuze7mthpxldd",
      "name": "Legacy",
      "updatedAt": "2025-08-24T03:58:52.643"
    },
    {
      "createdAt": "2025-08-24T03:58:53.017",
      "id": "cmep5s8rc006ruze76hb3xtp5",
      "makeId": "cmep5s70p006fuze7mthpxldd",
      "name": "Ascent",
      "updatedAt": "2025-08-24T03:58:53.017"
    },
    {
      "createdAt": "2025-08-24T03:58:53.416",
      "id": "cmep5s92g006tuze7zo97wen8",
      "makeId": "cmep5s70p006fuze7mthpxldd",
      "name": "WRX",
      "updatedAt": "2025-08-24T03:58:53.416"
    },
    {
      "createdAt": "2025-08-24T03:58:53.788",
      "id": "cmep5s9cr006vuze7ccww7b8g",
      "makeId": "cmep5s70p006fuze7mthpxldd",
      "name": "BRZ",
      "updatedAt": "2025-08-24T03:58:53.788"
    },
    {
      "createdAt": "2025-08-24T03:58:54.158",
      "id": "cmep5s9n1006xuze7boeqksrb",
      "makeId": "cmep5s70p006fuze7mthpxldd",
      "name": "Wilderness",
      "updatedAt": "2025-08-24T03:58:54.158"
    },
    {
      "createdAt": "2025-08-24T03:58:54.531",
      "id": "cmep5s9xf006zuze7zbgmuqr8",
      "makeId": "cmep5s70p006fuze7mthpxldd",
      "name": "Solterra",
      "updatedAt": "2025-08-24T03:58:54.531"
    },
    {
      "createdAt": "2025-08-24T03:58:55.272",
      "id": "cmep5sahz0072uze79azyqvgx",
      "makeId": "cmep5sa7p0070uze7acxj33kh",
      "name": "Mazda3",
      "updatedAt": "2025-08-24T03:58:55.272"
    },
    {
      "createdAt": "2025-08-24T03:58:55.645",
      "id": "cmep5sasd0074uze717e1cg99",
      "makeId": "cmep5sa7p0070uze7acxj33kh",
      "name": "Mazda6",
      "updatedAt": "2025-08-24T03:58:55.645"
    },
    {
      "createdAt": "2025-08-24T03:58:56.012",
      "id": "cmep5sb2j0076uze75oo7hau3",
      "makeId": "cmep5sa7p0070uze7acxj33kh",
      "name": "CX-5",
      "updatedAt": "2025-08-24T03:58:56.012"
    },
    {
      "createdAt": "2025-08-24T03:58:56.391",
      "id": "cmep5sbd30078uze705jawq3d",
      "makeId": "cmep5sa7p0070uze7acxj33kh",
      "name": "CX-9",
      "updatedAt": "2025-08-24T03:58:56.391"
    },
    {
      "createdAt": "2025-08-24T03:58:56.96",
      "id": "cmep5sbsw007auze7ra1x13xc",
      "makeId": "cmep5sa7p0070uze7acxj33kh",
      "name": "CX-30",
      "updatedAt": "2025-08-24T03:58:56.96"
    },
    {
      "createdAt": "2025-08-24T03:58:57.33",
      "id": "cmep5sc35007cuze7uty3lbze",
      "makeId": "cmep5sa7p0070uze7acxj33kh",
      "name": "MX-5 Miata",
      "updatedAt": "2025-08-24T03:58:57.33"
    },
    {
      "createdAt": "2025-08-24T03:58:57.7",
      "id": "cmep5scdg007euze79j2b3uj9",
      "makeId": "cmep5sa7p0070uze7acxj33kh",
      "name": "CX-50",
      "updatedAt": "2025-08-24T03:58:57.7"
    },
    {
      "createdAt": "2025-08-24T03:58:58.067",
      "id": "cmep5scnm007guze7o0f2a12e",
      "makeId": "cmep5sa7p0070uze7acxj33kh",
      "name": "Mazda2",
      "updatedAt": "2025-08-24T03:58:58.067"
    },
    {
      "createdAt": "2025-08-24T03:58:58.44",
      "id": "cmep5scy0007iuze7748ib3by",
      "makeId": "cmep5sa7p0070uze7acxj33kh",
      "name": "CX-3",
      "updatedAt": "2025-08-24T03:58:58.44"
    },
    {
      "createdAt": "2025-08-24T03:58:59.097",
      "id": "cmep5sdg8007kuze7lxr8vr3d",
      "makeId": "cmep5sa7p0070uze7acxj33kh",
      "name": "RX-8",
      "updatedAt": "2025-08-24T03:58:59.097"
    },
    {
      "createdAt": "2025-08-24T03:58:59.84",
      "id": "cmep5se0w007nuze7g40krfmv",
      "makeId": "cmep5sdqi007luze7jdysahhz",
      "name": "Jetta",
      "updatedAt": "2025-08-24T03:58:59.84"
    },
    {
      "createdAt": "2025-08-24T03:59:00.208",
      "id": "cmep5seb3007puze7b3gwctr1",
      "makeId": "cmep5sdqi007luze7jdysahhz",
      "name": "Passat",
      "updatedAt": "2025-08-24T03:59:00.208"
    },
    {
      "createdAt": "2025-08-24T03:59:00.575",
      "id": "cmep5selb007ruze73kxsyd6w",
      "makeId": "cmep5sdqi007luze7jdysahhz",
      "name": "Tiguan",
      "updatedAt": "2025-08-24T03:59:00.575"
    },
    {
      "createdAt": "2025-08-24T03:59:00.95",
      "id": "cmep5sevp007tuze79z3qbav5",
      "makeId": "cmep5sdqi007luze7jdysahhz",
      "name": "Atlas",
      "updatedAt": "2025-08-24T03:59:00.95"
    },
    {
      "createdAt": "2025-08-24T03:59:01.323",
      "id": "cmep5sf63007vuze7z1zg4gc8",
      "makeId": "cmep5sdqi007luze7jdysahhz",
      "name": "Golf",
      "updatedAt": "2025-08-24T03:59:01.323"
    },
    {
      "createdAt": "2025-08-24T03:59:01.696",
      "id": "cmep5sfgf007xuze7cnj1u4jp",
      "makeId": "cmep5sdqi007luze7jdysahhz",
      "name": "Arteon",
      "updatedAt": "2025-08-24T03:59:01.696"
    },
    {
      "createdAt": "2025-08-24T03:59:02.067",
      "id": "cmep5sfqr007zuze7l039unme",
      "makeId": "cmep5sdqi007luze7jdysahhz",
      "name": "ID.4",
      "updatedAt": "2025-08-24T03:59:02.067"
    },
    {
      "createdAt": "2025-08-24T03:59:02.437",
      "id": "cmep5sg100081uze7c0yz1teq",
      "makeId": "cmep5sdqi007luze7jdysahhz",
      "name": "Taos",
      "updatedAt": "2025-08-24T03:59:02.437"
    },
    {
      "createdAt": "2025-08-24T03:59:02.805",
      "id": "cmep5sgb90083uze7l5q51mqj",
      "makeId": "cmep5sdqi007luze7jdysahhz",
      "name": "Beetle",
      "updatedAt": "2025-08-24T03:59:02.805"
    },
    {
      "createdAt": "2025-08-24T03:59:03.178",
      "id": "cmep5sgll0085uze7aa28nzf1",
      "makeId": "cmep5sdqi007luze7jdysahhz",
      "name": "CC",
      "updatedAt": "2025-08-24T03:59:03.178"
    },
    {
      "createdAt": "2025-08-24T03:59:03.949",
      "id": "cmep5sh950088uze7k92qxbyo",
      "makeId": "cmep5sgwm0086uze7je634m7n",
      "name": "Wrangler",
      "updatedAt": "2025-08-24T03:59:03.949"
    },
    {
      "createdAt": "2025-08-24T03:59:04.402",
      "id": "cmep5shjl008auze7bpwoihrx",
      "makeId": "cmep5sgwm0086uze7je634m7n",
      "name": "Grand Cherokee",
      "updatedAt": "2025-08-24T03:59:04.402"
    },
    {
      "createdAt": "2025-08-24T03:59:04.776",
      "id": "cmep5shtz008cuze73kqb7lvo",
      "makeId": "cmep5sgwm0086uze7je634m7n",
      "name": "Cherokee",
      "updatedAt": "2025-08-24T03:59:04.776"
    },
    {
      "createdAt": "2025-08-24T03:59:05.15",
      "id": "cmep5si4e008euze7j510is2y",
      "makeId": "cmep5sgwm0086uze7je634m7n",
      "name": "Compass",
      "updatedAt": "2025-08-24T03:59:05.15"
    },
    {
      "createdAt": "2025-08-24T03:59:05.521",
      "id": "cmep5sieo008guze7i20rjo46",
      "makeId": "cmep5sgwm0086uze7je634m7n",
      "name": "Renegade",
      "updatedAt": "2025-08-24T03:59:05.521"
    },
    {
      "createdAt": "2025-08-24T03:59:05.893",
      "id": "cmep5sip1008iuze7jzcu805i",
      "makeId": "cmep5sgwm0086uze7je634m7n",
      "name": "Gladiator",
      "updatedAt": "2025-08-24T03:59:05.893"
    },
    {
      "createdAt": "2025-08-24T03:59:06.27",
      "id": "cmep5sizh008kuze7hlirvg5k",
      "makeId": "cmep5sgwm0086uze7je634m7n",
      "name": "Grand Wagoneer",
      "updatedAt": "2025-08-24T03:59:06.27"
    },
    {
      "createdAt": "2025-08-24T03:59:06.641",
      "id": "cmep5sj9s008muze7vh6ko93h",
      "makeId": "cmep5sgwm0086uze7je634m7n",
      "name": "Wagoneer",
      "updatedAt": "2025-08-24T03:59:06.641"
    },
    {
      "createdAt": "2025-08-24T03:59:07.018",
      "id": "cmep5sjk9008ouze7seycz17c",
      "makeId": "cmep5sgwm0086uze7je634m7n",
      "name": "Patriot",
      "updatedAt": "2025-08-24T03:59:07.018"
    },
    {
      "createdAt": "2025-08-24T03:59:07.394",
      "id": "cmep5sjuq008quze7467h0z9z",
      "makeId": "cmep5sgwm0086uze7je634m7n",
      "name": "Liberty",
      "updatedAt": "2025-08-24T03:59:07.394"
    },
    {
      "createdAt": "2025-08-24T03:59:08.147",
      "id": "cmep5skfm008tuze7x3y7lexr",
      "makeId": "cmep5sk56008ruze79ka68dpp",
      "name": "Model 3",
      "updatedAt": "2025-08-24T03:59:08.147"
    },
    {
      "createdAt": "2025-08-24T03:59:08.531",
      "id": "cmep5skqa008vuze7au5w1gtr",
      "makeId": "cmep5sk56008ruze79ka68dpp",
      "name": "Model Y",
      "updatedAt": "2025-08-24T03:59:08.531"
    },
    {
      "createdAt": "2025-08-24T03:59:08.91",
      "id": "cmep5sl0u008xuze7ps0wzosw",
      "makeId": "cmep5sk56008ruze79ka68dpp",
      "name": "Model S",
      "updatedAt": "2025-08-24T03:59:08.91"
    },
    {
      "createdAt": "2025-08-24T03:59:09.282",
      "id": "cmep5slb5008zuze7td0gkq8a",
      "makeId": "cmep5sk56008ruze79ka68dpp",
      "name": "Model X",
      "updatedAt": "2025-08-24T03:59:09.282"
    },
    {
      "createdAt": "2025-08-24T03:59:09.661",
      "id": "cmep5sllp0091uze72deomdtl",
      "makeId": "cmep5sk56008ruze79ka68dpp",
      "name": "Cybertruck",
      "updatedAt": "2025-08-24T03:59:09.661"
    },
    {
      "createdAt": "2025-08-24T03:59:10.031",
      "id": "cmep5slvz0093uze7rv6ra1wq",
      "makeId": "cmep5sk56008ruze79ka68dpp",
      "name": "Roadster",
      "updatedAt": "2025-08-24T03:59:10.031"
    },
    {
      "createdAt": "2025-08-24T03:59:10.777",
      "id": "cmep5smgp0096uze7n2bnu1t6",
      "makeId": "cmep5sm6b0094uze7yfuwi9r0",
      "name": "1500",
      "updatedAt": "2025-08-24T03:59:10.777"
    },
    {
      "createdAt": "2025-08-24T03:59:11.148",
      "id": "cmep5smr00098uze7q18tk00c",
      "makeId": "cmep5sm6b0094uze7yfuwi9r0",
      "name": "2500",
      "updatedAt": "2025-08-24T03:59:11.148"
    },
    {
      "createdAt": "2025-08-24T03:59:11.52",
      "id": "cmep5sn1b009auze75pr4xlsv",
      "makeId": "cmep5sm6b0094uze7yfuwi9r0",
      "name": "3500",
      "updatedAt": "2025-08-24T03:59:11.52"
    },
    {
      "createdAt": "2025-08-24T03:59:11.891",
      "id": "cmep5snbm009cuze7bsnr5lp6",
      "makeId": "cmep5sm6b0094uze7yfuwi9r0",
      "name": "ProMaster",
      "updatedAt": "2025-08-24T03:59:11.891"
    },
    {
      "createdAt": "2025-08-24T03:59:12.261",
      "id": "cmep5snlx009euze7ia68r12e",
      "makeId": "cmep5sm6b0094uze7yfuwi9r0",
      "name": "ProMaster City",
      "updatedAt": "2025-08-24T03:59:12.261"
    },
    {
      "createdAt": "2025-08-24T03:59:13.001",
      "id": "cmep5so6h009huze7ugd0oo0u",
      "makeId": "cmep5snw3009fuze7zyi3oqb6",
      "name": "Sierra",
      "updatedAt": "2025-08-24T03:59:13.001"
    },
    {
      "createdAt": "2025-08-24T03:59:13.376",
      "id": "cmep5sogw009juze7tdcga9xt",
      "makeId": "cmep5snw3009fuze7zyi3oqb6",
      "name": "Terrain",
      "updatedAt": "2025-08-24T03:59:13.376"
    },
    {
      "createdAt": "2025-08-24T03:59:13.745",
      "id": "cmep5sor4009luze7ye50at9t",
      "makeId": "cmep5snw3009fuze7zyi3oqb6",
      "name": "Acadia",
      "updatedAt": "2025-08-24T03:59:13.745"
    },
    {
      "createdAt": "2025-08-24T03:59:14.113",
      "id": "cmep5sp1d009nuze7fg7ifoq1",
      "makeId": "cmep5snw3009fuze7zyi3oqb6",
      "name": "Yukon",
      "updatedAt": "2025-08-24T03:59:14.113"
    },
    {
      "createdAt": "2025-08-24T03:59:14.489",
      "id": "cmep5spbt009puze7txbqfr3f",
      "makeId": "cmep5snw3009fuze7zyi3oqb6",
      "name": "Canyon",
      "updatedAt": "2025-08-24T03:59:14.489"
    },
    {
      "createdAt": "2025-08-24T03:59:14.861",
      "id": "cmep5spm4009ruze7szta0sqc",
      "makeId": "cmep5snw3009fuze7zyi3oqb6",
      "name": "Savana",
      "updatedAt": "2025-08-24T03:59:14.861"
    },
    {
      "createdAt": "2025-08-24T03:59:15.246",
      "id": "cmep5spwu009tuze7b9kwg1r4",
      "makeId": "cmep5snw3009fuze7zyi3oqb6",
      "name": "Hummer EV",
      "updatedAt": "2025-08-24T03:59:15.246"
    },
    {
      "createdAt": "2025-08-24T03:59:15.996",
      "id": "cmep5sqhn009wuze7zq78c7e6",
      "makeId": "cmep5sq7a009uuze7e9ftonra",
      "name": "Escalade",
      "updatedAt": "2025-08-24T03:59:15.996"
    },
    {
      "createdAt": "2025-08-24T03:59:16.367",
      "id": "cmep5sqrz009yuze7gjjywyah",
      "makeId": "cmep5sq7a009uuze7e9ftonra",
      "name": "XT5",
      "updatedAt": "2025-08-24T03:59:16.367"
    },
    {
      "createdAt": "2025-08-24T03:59:16.765",
      "id": "cmep5sr3100a0uze7dbqccfv0",
      "makeId": "cmep5sq7a009uuze7e9ftonra",
      "name": "XT6",
      "updatedAt": "2025-08-24T03:59:16.765"
    },
    {
      "createdAt": "2025-08-24T03:59:17.14",
      "id": "cmep5srdg00a2uze75eus0njz",
      "makeId": "cmep5sq7a009uuze7e9ftonra",
      "name": "CT4",
      "updatedAt": "2025-08-24T03:59:17.14"
    },
    {
      "createdAt": "2025-08-24T03:59:17.515",
      "id": "cmep5srnu00a4uze7ti090rpt",
      "makeId": "cmep5sq7a009uuze7e9ftonra",
      "name": "CT5",
      "updatedAt": "2025-08-24T03:59:17.515"
    },
    {
      "createdAt": "2025-08-24T03:59:17.893",
      "id": "cmep5sryc00a6uze7yt1fo64s",
      "makeId": "cmep5sq7a009uuze7e9ftonra",
      "name": "Lyriq",
      "updatedAt": "2025-08-24T03:59:17.893"
    },
    {
      "createdAt": "2025-08-24T03:59:18.269",
      "id": "cmep5ss8s00a8uze7xtquon25",
      "makeId": "cmep5sq7a009uuze7e9ftonra",
      "name": "XT4",
      "updatedAt": "2025-08-24T03:59:18.269"
    },
    {
      "createdAt": "2025-08-24T03:59:18.645",
      "id": "cmep5ssj900aauze79fpoyzf4",
      "makeId": "cmep5sq7a009uuze7e9ftonra",
      "name": "Celestiq",
      "updatedAt": "2025-08-24T03:59:18.645"
    },
    {
      "createdAt": "2025-08-24T03:59:19.482",
      "id": "cmep5st6h00aduze72o8p2zra",
      "makeId": "cmep5ssvz00abuze7s28e2muh",
      "name": "Q50",
      "updatedAt": "2025-08-24T03:59:19.482"
    },
    {
      "createdAt": "2025-08-24T03:59:19.857",
      "id": "cmep5stgx00afuze7k5i9qm01",
      "makeId": "cmep5ssvz00abuze7s28e2muh",
      "name": "Q60",
      "updatedAt": "2025-08-24T03:59:19.857"
    },
    {
      "createdAt": "2025-08-24T03:59:20.235",
      "id": "cmep5strf00ahuze7dhx8l5vm",
      "makeId": "cmep5ssvz00abuze7s28e2muh",
      "name": "QX50",
      "updatedAt": "2025-08-24T03:59:20.235"
    },
    {
      "createdAt": "2025-08-24T03:59:20.614",
      "id": "cmep5su1y00ajuze7te2q7mqd",
      "makeId": "cmep5ssvz00abuze7s28e2muh",
      "name": "QX60",
      "updatedAt": "2025-08-24T03:59:20.614"
    },
    {
      "createdAt": "2025-08-24T03:59:21.001",
      "id": "cmep5sucp00aluze7bx6n6sza",
      "makeId": "cmep5ssvz00abuze7s28e2muh",
      "name": "QX80",
      "updatedAt": "2025-08-24T03:59:21.001"
    },
    {
      "createdAt": "2025-08-24T03:59:21.374",
      "id": "cmep5sun200anuze7p01489si",
      "makeId": "cmep5ssvz00abuze7s28e2muh",
      "name": "Q70",
      "updatedAt": "2025-08-24T03:59:21.374"
    },
    {
      "createdAt": "2025-08-24T03:59:21.764",
      "id": "cmep5suxv00apuze7j86upxl3",
      "makeId": "cmep5ssvz00abuze7s28e2muh",
      "name": "QX30",
      "updatedAt": "2025-08-24T03:59:21.764"
    },
    {
      "createdAt": "2025-08-24T03:59:22.14",
      "id": "cmep5sv8b00aruze799n6fdo9",
      "makeId": "cmep5ssvz00abuze7s28e2muh",
      "name": "Q30",
      "updatedAt": "2025-08-24T03:59:22.14"
    }
  ],
  "sessions": null,
  "users": null,
  "verificationtokens": null
}
